Столбец1;Столбец2;Столбец3;Столбец4;Столбец5;Столбец6;Столбец7;Столбец8;Столбец9;Столбец10;Столбец11;Столбец12;score
'min_child_weight': 3.0; 'n_estimators': 383.0; 'silent': 1; 'nthread': 6; 'gamma': 0.8500000000000001; 'max_depth': 10; 'eta': 0.225; 'subsample': 0.6000000000000001; 'num_class': 5; 'colsample_bytree': 0.9; 'eval_metric': 'mlogloss'; 'objective': 'multi:softmax';0.5778414517669532
'min_child_weight': 1.0; 'n_estimators': 152.0; 'silent': 1; 'nthread': 6; 'gamma': 0.7000000000000001; 'max_depth': 2; 'eta': 0.17500000000000002; 'subsample': 0.8; 'num_class': 5; 'colsample_bytree': 0.65; 'eval_metric': 'mlogloss'; 'objective': 'multi:softmax';0.5768863419293219
'min_child_weight': 2.0; 'n_estimators': 271.0; 'silent': 1; 'nthread': 6; 'gamma': 0.6000000000000001; 'max_depth': 6; 'eta': 0.05; 'subsample': 0.55; 'num_class': 5; 'colsample_bytree': 0.75; 'eval_metric': 'mlogloss'; 'objective': 'multi:softmax';0.5740210124164279
'min_child_weight': 3.0; 'n_estimators': 836.0; 'silent': 1; 'nthread': 6; 'gamma': 0.5; 'max_depth': 2; 'eta': 0.025; 'subsample': 0.6000000000000001; 'num_class': 5; 'colsample_bytree': 0.65; 'eval_metric': 'mlogloss'; 'objective': 'multi:softmax';0.5740210124164279
'min_child_weight': 1.0; 'n_estimators': 933.0; 'silent': 1; 'nthread': 6; 'gamma': 0.8; 'max_depth': 7; 'eta': 0.325; 'subsample': 0.65; 'num_class': 5; 'colsample_bytree': 0.75; 'eval_metric': 'mlogloss'; 'objective': 'multi:softmax';0.5721107927411653
'min_child_weight': 2.0; 'n_estimators': 346.0; 'silent': 1; 'nthread': 6; 'gamma': 0.5; 'max_depth': 6; 'eta': 0.07500000000000001; 'subsample': 0.7000000000000001; 'num_class': 5; 'colsample_bytree': 0.6000000000000001; 'eval_metric': 'mlogloss'; 'objective': 'multi:softmax';0.5721107927411653
'min_child_weight': 4.0; 'n_estimators': 760.0; 'silent': 1; 'nthread': 6; 'gamma': 0.9500000000000001; 'max_depth': 8; 'eta': 0.1; 'subsample': 0.9; 'num_class': 5; 'colsample_bytree': 0.9; 'eval_metric': 'mlogloss'; 'objective': 'multi:softmax';0.5702005730659025
'min_child_weight': 6.0; 'n_estimators': 488.0; 'silent': 1; 'nthread': 6; 'gamma': 0.5; 'max_depth': 1; 'eta': 0.1; 'subsample': 0.8500000000000001; 'num_class': 5; 'colsample_bytree': 0.8; 'eval_metric': 'mlogloss'; 'objective': 'multi:softmax';0.5702005730659025
'min_child_weight': 4.0; 'n_estimators': 618.0; 'silent': 1; 'nthread': 6; 'gamma': 0.7000000000000001; 'max_depth': 5; 'eta': 0.15000000000000002; 'subsample': 1.0; 'num_class': 5; 'colsample_bytree': 0.7000000000000001; 'eval_metric': 'mlogloss'; 'objective': 'multi:softmax';0.5702005730659025
'min_child_weight': 1.0; 'n_estimators': 433.0; 'silent': 1; 'nthread': 6; 'gamma': 0.8; 'max_depth': 6; 'eta': 0.15000000000000002; 'subsample': 0.7000000000000001; 'num_class': 5; 'colsample_bytree': 0.6000000000000001; 'eval_metric': 'mlogloss'; 'objective': 'multi:softmax';0.5702005730659025
'min_child_weight': 4.0; 'n_estimators': 123.0; 'silent': 1; 'nthread': 6; 'gamma': 0.7000000000000001; 'max_depth': 9; 'eta': 0.05; 'subsample': 0.7000000000000001; 'num_class': 5; 'colsample_bytree': 0.75; 'eval_metric': 'mlogloss'; 'objective': 'multi:softmax';0.5692454632282713
'min_child_weight': 3.0; 'n_estimators': 112.0; 'silent': 1; 'nthread': 6; 'gamma': 0.8500000000000001; 'max_depth': 5; 'eta': 0.47500000000000003; 'subsample': 0.8500000000000001; 'num_class': 5; 'colsample_bytree': 0.8; 'eval_metric': 'mlogloss'; 'objective': 'multi:softmax';0.5692454632282713
'min_child_weight': 4.0; 'n_estimators': 440.0; 'silent': 1; 'nthread': 6; 'gamma': 0.6000000000000001; 'max_depth': 4; 'eta': 0.30000000000000004; 'subsample': 0.9; 'num_class': 5; 'colsample_bytree': 0.6000000000000001; 'eval_metric': 'mlogloss'; 'objective': 'multi:softmax';0.5682903533906399
'min_child_weight': 1.0; 'n_estimators': 656.0; 'silent': 1; 'nthread': 6; 'gamma': 0.6000000000000001; 'max_depth': 8; 'eta': 0.30000000000000004; 'subsample': 0.7000000000000001; 'num_class': 5; 'colsample_bytree': 0.75; 'eval_metric': 'mlogloss'; 'objective': 'multi:softmax';0.5682903533906399
'min_child_weight': 4.0; 'n_estimators': 288.0; 'silent': 1; 'nthread': 6; 'gamma': 0.75; 'max_depth': 6; 'eta': 0.07500000000000001; 'subsample': 0.6000000000000001; 'num_class': 5; 'colsample_bytree': 0.8; 'eval_metric': 'mlogloss'; 'objective': 'multi:softmax';0.5682903533906399
'min_child_weight': 3.0; 'n_estimators': 405.0; 'silent': 1; 'nthread': 6; 'gamma': 0.9500000000000001; 'max_depth': 1; 'eta': 0.1; 'subsample': 0.5; 'num_class': 5; 'colsample_bytree': 0.6000000000000001; 'eval_metric': 'mlogloss'; 'objective': 'multi:softmax';0.5682903533906399
'min_child_weight': 1.0; 'n_estimators': 920.0; 'silent': 1; 'nthread': 6; 'gamma': 0.8; 'max_depth': 1; 'eta': 0.025; 'subsample': 0.6000000000000001; 'num_class': 5; 'colsample_bytree': 0.75; 'eval_metric': 'mlogloss'; 'objective': 'multi:softmax';0.5673352435530086
'min_child_weight': 3.0; 'n_estimators': 128.0; 'silent': 1; 'nthread': 6; 'gamma': 0.8500000000000001; 'max_depth': 10; 'eta': 0.05; 'subsample': 0.55; 'num_class': 5; 'colsample_bytree': 0.5; 'eval_metric': 'mlogloss'; 'objective': 'multi:softmax';0.5673352435530086
'min_child_weight': 4.0; 'n_estimators': 347.0; 'silent': 1; 'nthread': 6; 'gamma': 0.9; 'max_depth': 5; 'eta': 0.225; 'subsample': 0.9500000000000001; 'num_class': 5; 'colsample_bytree': 0.7000000000000001; 'eval_metric': 'mlogloss'; 'objective': 'multi:softmax';0.5663801337153773
'min_child_weight': 4.0; 'n_estimators': 769.0; 'silent': 1; 'nthread': 6; 'gamma': 0.9; 'max_depth': 9; 'eta': 0.2; 'subsample': 0.75; 'num_class': 5; 'colsample_bytree': 0.75; 'eval_metric': 'mlogloss'; 'objective': 'multi:softmax';0.5663801337153773
'min_child_weight': 3.0; 'n_estimators': 285.0; 'silent': 1; 'nthread': 6; 'gamma': 0.8500000000000001; 'max_depth': 8; 'eta': 0.15000000000000002; 'subsample': 0.55; 'num_class': 5; 'colsample_bytree': 0.9500000000000001; 'eval_metric': 'mlogloss'; 'objective': 'multi:softmax';0.5663801337153773
'min_child_weight': 2.0; 'n_estimators': 134.0; 'silent': 1; 'nthread': 6; 'gamma': 0.7000000000000001; 'max_depth': 9; 'eta': 0.025; 'subsample': 0.55; 'num_class': 5; 'colsample_bytree': 0.7000000000000001; 'eval_metric': 'mlogloss'; 'objective': 'multi:softmax';0.5663801337153773
'min_child_weight': 6.0; 'n_estimators': 798.0; 'silent': 1; 'nthread': 6; 'gamma': 0.5; 'max_depth': 4; 'eta': 0.42500000000000004; 'subsample': 0.9500000000000001; 'num_class': 5; 'colsample_bytree': 1.0; 'eval_metric': 'mlogloss'; 'objective': 'multi:softmax';0.565425023877746
'min_child_weight': 2.0; 'n_estimators': 482.0; 'silent': 1; 'nthread': 6; 'gamma': 0.5; 'max_depth': 4; 'eta': 0.125; 'subsample': 0.5; 'num_class': 5; 'colsample_bytree': 0.7000000000000001; 'eval_metric': 'mlogloss'; 'objective': 'multi:softmax';0.565425023877746
'min_child_weight': 1.0; 'n_estimators': 373.0; 'silent': 1; 'nthread': 6; 'gamma': 0.5; 'max_depth': 11; 'eta': 0.375; 'subsample': 0.65; 'num_class': 5; 'colsample_bytree': 0.75; 'eval_metric': 'mlogloss'; 'objective': 'multi:softmax';0.565425023877746
'min_child_weight': 1.0; 'n_estimators': 164.0; 'silent': 1; 'nthread': 6; 'gamma': 0.8; 'max_depth': 7; 'eta': 0.325; 'subsample': 0.8; 'num_class': 5; 'colsample_bytree': 0.55; 'eval_metric': 'mlogloss'; 'objective': 'multi:softmax';0.565425023877746
'min_child_weight': 6.0; 'n_estimators': 264.0; 'silent': 1; 'nthread': 6; 'gamma': 0.7000000000000001; 'max_depth': 9; 'eta': 0.25; 'subsample': 0.6000000000000001; 'num_class': 5; 'colsample_bytree': 0.8; 'eval_metric': 'mlogloss'; 'objective': 'multi:softmax';0.565425023877746
'min_child_weight': 6.0; 'n_estimators': 181.0; 'silent': 1; 'nthread': 6; 'gamma': 0.65; 'max_depth': 13; 'eta': 0.1; 'subsample': 0.8; 'num_class': 5; 'colsample_bytree': 0.75; 'eval_metric': 'mlogloss'; 'objective': 'multi:softmax';0.565425023877746
'min_child_weight': 6.0; 'n_estimators': 401.0; 'silent': 1; 'nthread': 6; 'gamma': 0.55; 'max_depth': 6; 'eta': 0.45; 'subsample': 0.9500000000000001; 'num_class': 5; 'colsample_bytree': 0.6000000000000001; 'eval_metric': 'mlogloss'; 'objective': 'multi:softmax';0.5644699140401146
'min_child_weight': 1.0; 'n_estimators': 393.0; 'silent': 1; 'nthread': 6; 'gamma': 0.75; 'max_depth': 4; 'eta': 0.45; 'subsample': 0.8500000000000001; 'num_class': 5; 'colsample_bytree': 0.9; 'eval_metric': 'mlogloss'; 'objective': 'multi:softmax';0.5644699140401146
'min_child_weight': 2.0; 'n_estimators': 332.0; 'silent': 1; 'nthread': 6; 'gamma': 0.75; 'max_depth': 4; 'eta': 0.30000000000000004; 'subsample': 0.6000000000000001; 'num_class': 5; 'colsample_bytree': 0.8; 'eval_metric': 'mlogloss'; 'objective': 'multi:softmax';0.5644699140401146
'min_child_weight': 4.0; 'n_estimators': 733.0; 'silent': 1; 'nthread': 6; 'gamma': 0.8500000000000001; 'max_depth': 9; 'eta': 0.375; 'subsample': 0.8; 'num_class': 5; 'colsample_bytree': 0.75; 'eval_metric': 'mlogloss'; 'objective': 'multi:softmax';0.562559694364852
'min_child_weight': 1.0; 'n_estimators': 296.0; 'silent': 1; 'nthread': 6; 'gamma': 0.55; 'max_depth': 4; 'eta': 0.07500000000000001; 'subsample': 0.6000000000000001; 'num_class': 5; 'colsample_bytree': 0.75; 'eval_metric': 'mlogloss'; 'objective': 'multi:softmax';0.562559694364852
'min_child_weight': 1.0; 'n_estimators': 401.0; 'silent': 1; 'nthread': 6; 'gamma': 0.6000000000000001; 'max_depth': 5; 'eta': 0.125; 'subsample': 0.7000000000000001; 'num_class': 5; 'colsample_bytree': 0.65; 'eval_metric': 'mlogloss'; 'objective': 'multi:softmax';0.562559694364852
'min_child_weight': 2.0; 'n_estimators': 102.0; 'silent': 1; 'nthread': 6; 'gamma': 0.8500000000000001; 'max_depth': 2; 'eta': 0.35000000000000003; 'subsample': 0.5; 'num_class': 5; 'colsample_bytree': 0.6000000000000001; 'eval_metric': 'mlogloss'; 'objective': 'multi:softmax';0.562559694364852
'min_child_weight': 5.0; 'n_estimators': 693.0; 'silent': 1; 'nthread': 6; 'gamma': 0.9500000000000001; 'max_depth': 7; 'eta': 0.2; 'subsample': 0.75; 'num_class': 5; 'colsample_bytree': 0.7000000000000001; 'eval_metric': 'mlogloss'; 'objective': 'multi:softmax';0.5616045845272206
'min_child_weight': 6.0; 'n_estimators': 377.0; 'silent': 1; 'nthread': 6; 'gamma': 0.55; 'max_depth': 3; 'eta': 0.325; 'subsample': 0.9500000000000001; 'num_class': 5; 'colsample_bytree': 0.55; 'eval_metric': 'mlogloss'; 'objective': 'multi:softmax';0.5616045845272206
'min_child_weight': 1.0; 'n_estimators': 167.0; 'silent': 1; 'nthread': 6; 'gamma': 0.8500000000000001; 'max_depth': 9; 'eta': 0.4; 'subsample': 0.8500000000000001; 'num_class': 5; 'colsample_bytree': 0.55; 'eval_metric': 'mlogloss'; 'objective': 'multi:softmax';0.5616045845272206
'min_child_weight': 4.0; 'n_estimators': 274.0; 'silent': 1; 'nthread': 6; 'gamma': 0.8; 'max_depth': 9; 'eta': 0.125; 'subsample': 0.65; 'num_class': 5; 'colsample_bytree': 0.5; 'eval_metric': 'mlogloss'; 'objective': 'multi:softmax';0.5616045845272206
'min_child_weight': 2.0; 'n_estimators': 459.0; 'silent': 1; 'nthread': 6; 'gamma': 0.5; 'max_depth': 10; 'eta': 0.45; 'subsample': 1.0; 'num_class': 5; 'colsample_bytree': 0.65; 'eval_metric': 'mlogloss'; 'objective': 'multi:softmax';0.5606494746895893
'min_child_weight': 3.0; 'n_estimators': 947.0; 'silent': 1; 'nthread': 6; 'gamma': 0.8; 'max_depth': 9; 'eta': 0.35000000000000003; 'subsample': 0.65; 'num_class': 5; 'colsample_bytree': 0.9; 'eval_metric': 'mlogloss'; 'objective': 'multi:softmax';0.5606494746895893
'min_child_weight': 5.0; 'n_estimators': 210.0; 'silent': 1; 'nthread': 6; 'gamma': 0.75; 'max_depth': 9; 'eta': 0.17500000000000002; 'subsample': 0.55; 'num_class': 5; 'colsample_bytree': 0.8; 'eval_metric': 'mlogloss'; 'objective': 'multi:softmax';0.5606494746895893
'min_child_weight': 2.0; 'n_estimators': 544.0; 'silent': 1; 'nthread': 6; 'gamma': 0.55; 'max_depth': 13; 'eta': 0.2; 'subsample': 0.7000000000000001; 'num_class': 5; 'colsample_bytree': 0.75; 'eval_metric': 'mlogloss'; 'objective': 'multi:softmax';0.559694364851958
'min_child_weight': 2.0; 'n_estimators': 793.0; 'silent': 1; 'nthread': 6; 'gamma': 0.75; 'max_depth': 4; 'eta': 0.35000000000000003; 'subsample': 0.5; 'num_class': 5; 'colsample_bytree': 1.0; 'eval_metric': 'mlogloss'; 'objective': 'multi:softmax';0.559694364851958
'min_child_weight': 6.0; 'n_estimators': 559.0; 'silent': 1; 'nthread': 6; 'gamma': 1.0; 'max_depth': 12; 'eta': 0.275; 'subsample': 1.0; 'num_class': 5; 'colsample_bytree': 0.55; 'eval_metric': 'mlogloss'; 'objective': 'multi:softmax';0.5587392550143266
'min_child_weight': 1.0; 'n_estimators': 440.0; 'silent': 1; 'nthread': 6; 'gamma': 0.6000000000000001; 'max_depth': 12; 'eta': 0.25; 'subsample': 0.55; 'num_class': 5; 'colsample_bytree': 0.55; 'eval_metric': 'mlogloss'; 'objective': 'multi:softmax';0.5587392550143266
'min_child_weight': 3.0; 'n_estimators': 305.0; 'silent': 1; 'nthread': 6; 'gamma': 0.8; 'max_depth': 5; 'eta': 0.45; 'subsample': 0.6000000000000001; 'num_class': 5; 'colsample_bytree': 0.6000000000000001; 'eval_metric': 'mlogloss'; 'objective': 'multi:softmax';0.5587392550143266
'min_child_weight': 1.0; 'n_estimators': 171.0; 'silent': 1; 'nthread': 6; 'gamma': 0.9500000000000001; 'max_depth': 8; 'eta': 0.2; 'subsample': 0.6000000000000001; 'num_class': 5; 'colsample_bytree': 0.5; 'eval_metric': 'mlogloss'; 'objective': 'multi:softmax';0.5587392550143266
'min_child_weight': 3.0; 'n_estimators': 634.0; 'silent': 1; 'nthread': 6; 'gamma': 0.6000000000000001; 'max_depth': 6; 'eta': 0.325; 'subsample': 1.0; 'num_class': 5; 'colsample_bytree': 0.55; 'eval_metric': 'mlogloss'; 'objective': 'multi:softmax';0.5577841451766953
'min_child_weight': 3.0; 'n_estimators': 207.0; 'silent': 1; 'nthread': 6; 'gamma': 0.75; 'max_depth': 7; 'eta': 0.325; 'subsample': 0.8; 'num_class': 5; 'colsample_bytree': 0.8500000000000001; 'eval_metric': 'mlogloss'; 'objective': 'multi:softmax';0.556829035339064
'min_child_weight': 2.0; 'n_estimators': 566.0; 'silent': 1; 'nthread': 6; 'gamma': 0.65; 'max_depth': 5; 'eta': 0.42500000000000004; 'subsample': 0.6000000000000001; 'num_class': 5; 'colsample_bytree': 0.7000000000000001; 'eval_metric': 'mlogloss'; 'objective': 'multi:softmax';0.556829035339064
'min_child_weight': 1.0; 'n_estimators': 282.0; 'silent': 1; 'nthread': 6; 'gamma': 0.75; 'max_depth': 5; 'eta': 0.4; 'subsample': 0.75; 'num_class': 5; 'colsample_bytree': 0.8500000000000001; 'eval_metric': 'mlogloss'; 'objective': 'multi:softmax';0.556829035339064
'min_child_weight': 4.0; 'n_estimators': 237.0; 'silent': 1; 'nthread': 6; 'gamma': 0.8500000000000001; 'max_depth': 1; 'eta': 0.4; 'subsample': 0.65; 'num_class': 5; 'colsample_bytree': 0.75; 'eval_metric': 'mlogloss'; 'objective': 'multi:softmax';0.556829035339064
'min_child_weight': 2.0; 'n_estimators': 265.0; 'silent': 1; 'nthread': 6; 'gamma': 0.65; 'max_depth': 12; 'eta': 0.05; 'subsample': 0.75; 'num_class': 5; 'colsample_bytree': 0.55; 'eval_metric': 'mlogloss'; 'objective': 'multi:softmax';0.5558739255014327
'min_child_weight': 6.0; 'n_estimators': 794.0; 'silent': 1; 'nthread': 6; 'gamma': 0.9500000000000001; 'max_depth': 12; 'eta': 0.225; 'subsample': 0.9500000000000001; 'num_class': 5; 'colsample_bytree': 0.8; 'eval_metric': 'mlogloss'; 'objective': 'multi:softmax';0.5558739255014327
'min_child_weight': 1.0; 'n_estimators': 153.0; 'silent': 1; 'nthread': 6; 'gamma': 0.7000000000000001; 'max_depth': 4; 'eta': 0.325; 'subsample': 0.65; 'num_class': 5; 'colsample_bytree': 0.5; 'eval_metric': 'mlogloss'; 'objective': 'multi:softmax';0.5558739255014327
'min_child_weight': 2.0; 'n_estimators': 642.0; 'silent': 1; 'nthread': 6; 'gamma': 0.8; 'max_depth': 10; 'eta': 0.17500000000000002; 'subsample': 0.55; 'num_class': 5; 'colsample_bytree': 0.8500000000000001; 'eval_metric': 'mlogloss'; 'objective': 'multi:softmax';0.5558739255014327
'min_child_weight': 1.0; 'n_estimators': 187.0; 'silent': 1; 'nthread': 6; 'gamma': 0.8500000000000001; 'max_depth': 9; 'eta': 0.47500000000000003; 'subsample': 0.55; 'num_class': 5; 'colsample_bytree': 0.5; 'eval_metric': 'mlogloss'; 'objective': 'multi:softmax';0.5558739255014327
'min_child_weight': 5.0; 'n_estimators': 427.0; 'silent': 1; 'nthread': 6; 'gamma': 0.65; 'max_depth': 10; 'eta': 0.325; 'subsample': 0.9; 'num_class': 5; 'colsample_bytree': 0.7000000000000001; 'eval_metric': 'mlogloss'; 'objective': 'multi:softmax';0.5549188156638013
'min_child_weight': 4.0; 'n_estimators': 849.0; 'silent': 1; 'nthread': 6; 'gamma': 0.75; 'max_depth': 7; 'eta': 0.375; 'subsample': 0.8; 'num_class': 5; 'colsample_bytree': 0.9500000000000001; 'eval_metric': 'mlogloss'; 'objective': 'multi:softmax';0.5549188156638013
'min_child_weight': 5.0; 'n_estimators': 318.0; 'silent': 1; 'nthread': 6; 'gamma': 0.65; 'max_depth': 6; 'eta': 0.42500000000000004; 'subsample': 0.9500000000000001; 'num_class': 5; 'colsample_bytree': 0.8; 'eval_metric': 'mlogloss'; 'objective': 'multi:softmax';0.5549188156638013
'min_child_weight': 1.0; 'n_estimators': 127.0; 'silent': 1; 'nthread': 6; 'gamma': 0.55; 'max_depth': 6; 'eta': 0.275; 'subsample': 0.55; 'num_class': 5; 'colsample_bytree': 0.6000000000000001; 'eval_metric': 'mlogloss'; 'objective': 'multi:softmax';0.5549188156638013
'min_child_weight': 5.0; 'n_estimators': 526.0; 'silent': 1; 'nthread': 6; 'gamma': 0.7000000000000001; 'max_depth': 1; 'eta': 0.275; 'subsample': 0.9; 'num_class': 5; 'colsample_bytree': 0.8500000000000001; 'eval_metric': 'mlogloss'; 'objective': 'multi:softmax';0.55396370582617
'min_child_weight': 5.0; 'n_estimators': 688.0; 'silent': 1; 'nthread': 6; 'gamma': 0.7000000000000001; 'max_depth': 8; 'eta': 0.4; 'subsample': 1.0; 'num_class': 5; 'colsample_bytree': 0.5; 'eval_metric': 'mlogloss'; 'objective': 'multi:softmax';0.55396370582617
'min_child_weight': 3.0; 'n_estimators': 668.0; 'silent': 1; 'nthread': 6; 'gamma': 0.5; 'max_depth': 4; 'eta': 0.375; 'subsample': 0.5; 'num_class': 5; 'colsample_bytree': 0.75; 'eval_metric': 'mlogloss'; 'objective': 'multi:softmax';0.55396370582617
'min_child_weight': 2.0; 'n_estimators': 364.0; 'silent': 1; 'nthread': 6; 'gamma': 0.8; 'max_depth': 11; 'eta': 0.275; 'subsample': 0.9500000000000001; 'num_class': 5; 'colsample_bytree': 0.6000000000000001; 'eval_metric': 'mlogloss'; 'objective': 'multi:softmax';0.55396370582617
'min_child_weight': 2.0; 'n_estimators': 477.0; 'silent': 1; 'nthread': 6; 'gamma': 0.55; 'max_depth': 4; 'eta': 0.47500000000000003; 'subsample': 0.6000000000000001; 'num_class': 5; 'colsample_bytree': 0.65; 'eval_metric': 'mlogloss'; 'objective': 'multi:softmax';0.5530085959885387
'min_child_weight': 1.0; 'n_estimators': 237.0; 'silent': 1; 'nthread': 6; 'gamma': 0.75; 'max_depth': 10; 'eta': 0.42500000000000004; 'subsample': 0.5; 'num_class': 5; 'colsample_bytree': 1.0; 'eval_metric': 'mlogloss'; 'objective': 'multi:softmax';0.5530085959885387
'min_child_weight': 5.0; 'n_estimators': 519.0; 'silent': 1; 'nthread': 6; 'gamma': 0.7000000000000001; 'max_depth': 2; 'eta': 0.25; 'subsample': 0.9; 'num_class': 5; 'colsample_bytree': 0.7000000000000001; 'eval_metric': 'mlogloss'; 'objective': 'multi:softmax';0.5510983763132761
'min_child_weight': 3.0; 'n_estimators': 875.0; 'silent': 1; 'nthread': 6; 'gamma': 0.9; 'max_depth': 9; 'eta': 0.25; 'subsample': 0.7000000000000001; 'num_class': 5; 'colsample_bytree': 0.7000000000000001; 'eval_metric': 'mlogloss'; 'objective': 'multi:softmax';0.5510983763132761
'min_child_weight': 1.0; 'n_estimators': 597.0; 'silent': 1; 'nthread': 6; 'gamma': 0.8500000000000001; 'max_depth': 5; 'eta': 0.325; 'subsample': 0.5; 'num_class': 5; 'colsample_bytree': 0.5; 'eval_metric': 'mlogloss'; 'objective': 'multi:softmax';0.5510983763132761
'min_child_weight': 3.0; 'n_estimators': 667.0; 'silent': 1; 'nthread': 6; 'gamma': 0.8500000000000001; 'max_depth': 9; 'eta': 0.225; 'subsample': 0.75; 'num_class': 5; 'colsample_bytree': 1.0; 'eval_metric': 'mlogloss'; 'objective': 'multi:softmax';0.5501432664756447
'min_child_weight': 6.0; 'n_estimators': 142.0; 'silent': 1; 'nthread': 6; 'gamma': 0.65; 'max_depth': 2; 'eta': 0.5; 'subsample': 0.9; 'num_class': 5; 'colsample_bytree': 0.65; 'eval_metric': 'mlogloss'; 'objective': 'multi:softmax';0.5501432664756447
'min_child_weight': 2.0; 'n_estimators': 339.0; 'silent': 1; 'nthread': 6; 'gamma': 0.55; 'max_depth': 4; 'eta': 0.5; 'subsample': 0.6000000000000001; 'num_class': 5; 'colsample_bytree': 0.8; 'eval_metric': 'mlogloss'; 'objective': 'multi:softmax';0.5501432664756447
'min_child_weight': 1.0; 'n_estimators': 707.0; 'silent': 1; 'nthread': 6; 'gamma': 0.75; 'max_depth': 3; 'eta': 0.275; 'subsample': 0.6000000000000001; 'num_class': 5; 'colsample_bytree': 0.8; 'eval_metric': 'mlogloss'; 'objective': 'multi:softmax';0.5501432664756447
'min_child_weight': 2.0; 'n_estimators': 647.0; 'silent': 1; 'nthread': 6; 'gamma': 0.75; 'max_depth': 11; 'eta': 0.375; 'subsample': 1.0; 'num_class': 5; 'colsample_bytree': 0.7000000000000001; 'eval_metric': 'mlogloss'; 'objective': 'multi:softmax';0.5501432664756447
'min_child_weight': 1.0; 'n_estimators': 417.0; 'silent': 1; 'nthread': 6; 'gamma': 0.5; 'max_depth': 4; 'eta': 0.42500000000000004; 'subsample': 0.55; 'num_class': 5; 'colsample_bytree': 0.7000000000000001; 'eval_metric': 'mlogloss'; 'objective': 'multi:softmax';0.5491881566380133
'min_child_weight': 1.0; 'n_estimators': 144.0; 'silent': 1; 'nthread': 6; 'gamma': 0.9500000000000001; 'max_depth': 9; 'eta': 0.375; 'subsample': 0.6000000000000001; 'num_class': 5; 'colsample_bytree': 0.55; 'eval_metric': 'mlogloss'; 'objective': 'multi:softmax';0.5491881566380133
'min_child_weight': 2.0; 'n_estimators': 248.0; 'silent': 1; 'nthread': 6; 'gamma': 0.9; 'max_depth': 10; 'eta': 0.45; 'subsample': 0.65; 'num_class': 5; 'colsample_bytree': 0.8500000000000001; 'eval_metric': 'mlogloss'; 'objective': 'multi:softmax';0.5482330468003821
'min_child_weight': 1.0; 'n_estimators': 397.0; 'silent': 1; 'nthread': 6; 'gamma': 0.8; 'max_depth': 7; 'eta': 0.45; 'subsample': 0.65; 'num_class': 5; 'colsample_bytree': 0.6000000000000001; 'eval_metric': 'mlogloss'; 'objective': 'multi:softmax';0.5482330468003821
'min_child_weight': 6.0; 'n_estimators': 317.0; 'silent': 1; 'nthread': 6; 'gamma': 0.6000000000000001; 'max_depth': 3; 'eta': 0.375; 'subsample': 0.8500000000000001; 'num_class': 5; 'colsample_bytree': 0.55; 'eval_metric': 'mlogloss'; 'objective': 'multi:softmax';0.5472779369627507
'min_child_weight': 1.0; 'n_estimators': 265.0; 'silent': 1; 'nthread': 6; 'gamma': 0.55; 'max_depth': 3; 'eta': 0.2; 'subsample': 0.5; 'num_class': 5; 'colsample_bytree': 0.65; 'eval_metric': 'mlogloss'; 'objective': 'multi:softmax';0.5472779369627507
'min_child_weight': 1.0; 'n_estimators': 870.0; 'silent': 1; 'nthread': 6; 'gamma': 0.8; 'max_depth': 10; 'eta': 0.225; 'subsample': 0.5; 'num_class': 5; 'colsample_bytree': 0.55; 'eval_metric': 'mlogloss'; 'objective': 'multi:softmax';0.5472779369627507
'min_child_weight': 3.0; 'n_estimators': 340.0; 'silent': 1; 'nthread': 6; 'gamma': 0.8; 'max_depth': 10; 'eta': 0.35000000000000003; 'subsample': 0.55; 'num_class': 5; 'colsample_bytree': 1.0; 'eval_metric': 'mlogloss'; 'objective': 'multi:softmax';0.5472779369627507
'min_child_weight': 4.0; 'n_estimators': 362.0; 'silent': 1; 'nthread': 6; 'gamma': 0.8; 'max_depth': 13; 'eta': 0.45; 'subsample': 0.9500000000000001; 'num_class': 5; 'colsample_bytree': 0.7000000000000001; 'eval_metric': 'mlogloss'; 'objective': 'multi:softmax';0.5463228271251194
'min_child_weight': 2.0; 'n_estimators': 233.0; 'silent': 1; 'nthread': 6; 'gamma': 0.75; 'max_depth': 9; 'eta': 0.375; 'subsample': 0.7000000000000001; 'num_class': 5; 'colsample_bytree': 0.8; 'eval_metric': 'mlogloss'; 'objective': 'multi:softmax';0.5463228271251194
'min_child_weight': 2.0; 'n_estimators': 275.0; 'silent': 1; 'nthread': 6; 'gamma': 0.7000000000000001; 'max_depth': 4; 'eta': 0.47500000000000003; 'subsample': 0.65; 'num_class': 5; 'colsample_bytree': 0.5; 'eval_metric': 'mlogloss'; 'objective': 'multi:softmax';0.5463228271251194
'min_child_weight': 1.0; 'n_estimators': 427.0; 'silent': 1; 'nthread': 6; 'gamma': 0.8500000000000001; 'max_depth': 2; 'eta': 0.325; 'subsample': 0.75; 'num_class': 5; 'colsample_bytree': 0.8500000000000001; 'eval_metric': 'mlogloss'; 'objective': 'multi:softmax';0.5463228271251194
'min_child_weight': 1.0; 'n_estimators': 314.0; 'silent': 1; 'nthread': 6; 'gamma': 0.8; 'max_depth': 4; 'eta': 0.47500000000000003; 'subsample': 0.5; 'num_class': 5; 'colsample_bytree': 0.9; 'eval_metric': 'mlogloss'; 'objective': 'multi:softmax';0.5463228271251194
'min_child_weight': 6.0; 'n_estimators': 480.0; 'silent': 1; 'nthread': 6; 'gamma': 0.8; 'max_depth': 13; 'eta': 0.5; 'subsample': 0.9; 'num_class': 5; 'colsample_bytree': 0.8; 'eval_metric': 'mlogloss'; 'objective': 'multi:softmax';0.5463228271251194
'min_child_weight': 2.0; 'n_estimators': 215.0; 'silent': 1; 'nthread': 6; 'gamma': 0.7000000000000001; 'max_depth': 12; 'eta': 0.4; 'subsample': 0.5; 'num_class': 5; 'colsample_bytree': 0.6000000000000001; 'eval_metric': 'mlogloss'; 'objective': 'multi:softmax';0.545367717287488
'min_child_weight': 1.0; 'n_estimators': 113.0; 'silent': 1; 'nthread': 6; 'gamma': 0.6000000000000001; 'max_depth': 9; 'eta': 0.35000000000000003; 'subsample': 1.0; 'num_class': 5; 'colsample_bytree': 0.6000000000000001; 'eval_metric': 'mlogloss'; 'objective': 'multi:softmax';0.545367717287488
'min_child_weight': 2.0; 'n_estimators': 260.0; 'silent': 1; 'nthread': 6; 'gamma': 0.75; 'max_depth': 11; 'eta': 0.4; 'subsample': 0.65; 'num_class': 5; 'colsample_bytree': 0.6000000000000001; 'eval_metric': 'mlogloss'; 'objective': 'multi:softmax';0.545367717287488
'min_child_weight': 5.0; 'n_estimators': 173.0; 'silent': 1; 'nthread': 6; 'gamma': 0.8; 'max_depth': 9; 'eta': 0.30000000000000004; 'subsample': 0.65; 'num_class': 5; 'colsample_bytree': 0.8500000000000001; 'eval_metric': 'mlogloss'; 'objective': 'multi:softmax';0.545367717287488
'min_child_weight': 2.0; 'n_estimators': 578.0; 'silent': 1; 'nthread': 6; 'gamma': 0.6000000000000001; 'max_depth': 8; 'eta': 0.4; 'subsample': 0.8500000000000001; 'num_class': 5; 'colsample_bytree': 0.6000000000000001; 'eval_metric': 'mlogloss'; 'objective': 'multi:softmax';0.545367717287488
'min_child_weight': 2.0; 'n_estimators': 201.0; 'silent': 1; 'nthread': 6; 'gamma': 0.7000000000000001; 'max_depth': 1; 'eta': 0.5; 'subsample': 0.55; 'num_class': 5; 'colsample_bytree': 0.7000000000000001; 'eval_metric': 'mlogloss'; 'objective': 'multi:softmax';0.545367717287488
'min_child_weight': 2.0; 'n_estimators': 164.0; 'silent': 1; 'nthread': 6; 'gamma': 0.8; 'max_depth': 4; 'eta': 0.42500000000000004; 'subsample': 0.55; 'num_class': 5; 'colsample_bytree': 0.9500000000000001; 'eval_metric': 'mlogloss'; 'objective': 'multi:softmax';0.545367717287488
'min_child_weight': 3.0; 'n_estimators': 346.0; 'silent': 1; 'nthread': 6; 'gamma': 0.75; 'max_depth': 1; 'eta': 0.35000000000000003; 'subsample': 0.55; 'num_class': 5; 'colsample_bytree': 0.55; 'eval_metric': 'mlogloss'; 'objective': 'multi:softmax';0.545367717287488
'min_child_weight': 1.0; 'n_estimators': 467.0; 'silent': 1; 'nthread': 6; 'gamma': 0.55; 'max_depth': 1; 'eta': 0.45; 'subsample': 0.65; 'num_class': 5; 'colsample_bytree': 0.9500000000000001; 'eval_metric': 'mlogloss'; 'objective': 'multi:softmax';0.545367717287488
'min_child_weight': 1.0; 'n_estimators': 776.0; 'silent': 1; 'nthread': 6; 'gamma': 0.9; 'max_depth': 11; 'eta': 0.42500000000000004; 'subsample': 0.75; 'num_class': 5; 'colsample_bytree': 0.6000000000000001; 'eval_metric': 'mlogloss'; 'objective': 'multi:softmax';0.545367717287488
'min_child_weight': 3.0; 'n_estimators': 979.0; 'silent': 1; 'nthread': 6; 'gamma': 0.8; 'max_depth': 9; 'eta': 0.15000000000000002; 'subsample': 0.75; 'num_class': 5; 'colsample_bytree': 0.75; 'eval_metric': 'mlogloss'; 'objective': 'multi:softmax';0.5444126074498568
'min_child_weight': 1.0; 'n_estimators': 450.0; 'silent': 1; 'nthread': 6; 'gamma': 0.7000000000000001; 'max_depth': 4; 'eta': 0.35000000000000003; 'subsample': 0.5; 'num_class': 5; 'colsample_bytree': 0.7000000000000001; 'eval_metric': 'mlogloss'; 'objective': 'multi:softmax';0.5444126074498568
'min_child_weight': 1.0; 'n_estimators': 218.0; 'silent': 1; 'nthread': 6; 'gamma': 0.9; 'max_depth': 6; 'eta': 0.225; 'subsample': 0.6000000000000001; 'num_class': 5; 'colsample_bytree': 0.55; 'eval_metric': 'mlogloss'; 'objective': 'multi:softmax';0.5444126074498568
'min_child_weight': 2.0; 'n_estimators': 258.0; 'silent': 1; 'nthread': 6; 'gamma': 0.8; 'max_depth': 10; 'eta': 0.275; 'subsample': 0.5; 'num_class': 5; 'colsample_bytree': 0.6000000000000001; 'eval_metric': 'mlogloss'; 'objective': 'multi:softmax';0.5444126074498568
'min_child_weight': 1.0; 'n_estimators': 243.0; 'silent': 1; 'nthread': 6; 'gamma': 0.65; 'max_depth': 3; 'eta': 0.4; 'subsample': 0.65; 'num_class': 5; 'colsample_bytree': 0.65; 'eval_metric': 'mlogloss'; 'objective': 'multi:softmax';0.5434574976122254
'min_child_weight': 1.0; 'n_estimators': 517.0; 'silent': 1; 'nthread': 6; 'gamma': 0.5; 'max_depth': 3; 'eta': 0.4; 'subsample': 0.5; 'num_class': 5; 'colsample_bytree': 0.6000000000000001; 'eval_metric': 'mlogloss'; 'objective': 'multi:softmax';0.5434574976122254
'min_child_weight': 4.0; 'n_estimators': 729.0; 'silent': 1; 'nthread': 6; 'gamma': 0.65; 'max_depth': 10; 'eta': 0.47500000000000003; 'subsample': 0.7000000000000001; 'num_class': 5; 'colsample_bytree': 0.7000000000000001; 'eval_metric': 'mlogloss'; 'objective': 'multi:softmax';0.5434574976122254
'min_child_weight': 1.0; 'n_estimators': 569.0; 'silent': 1; 'nthread': 6; 'gamma': 0.5; 'max_depth': 13; 'eta': 0.4; 'subsample': 0.8500000000000001; 'num_class': 5; 'colsample_bytree': 0.65; 'eval_metric': 'mlogloss'; 'objective': 'multi:softmax';0.5434574976122254
'min_child_weight': 3.0; 'n_estimators': 267.0; 'silent': 1; 'nthread': 6; 'gamma': 0.8500000000000001; 'max_depth': 13; 'eta': 0.30000000000000004; 'subsample': 0.8; 'num_class': 5; 'colsample_bytree': 0.5; 'eval_metric': 'mlogloss'; 'objective': 'multi:softmax';0.542502387774594
'min_child_weight': 3.0; 'n_estimators': 609.0; 'silent': 1; 'nthread': 6; 'gamma': 1.0; 'max_depth': 10; 'eta': 0.35000000000000003; 'subsample': 0.5; 'num_class': 5; 'colsample_bytree': 0.6000000000000001; 'eval_metric': 'mlogloss'; 'objective': 'multi:softmax';0.542502387774594
'min_child_weight': 1.0; 'n_estimators': 637.0; 'silent': 1; 'nthread': 6; 'gamma': 0.8; 'max_depth': 5; 'eta': 0.4; 'subsample': 0.6000000000000001; 'num_class': 5; 'colsample_bytree': 0.8; 'eval_metric': 'mlogloss'; 'objective': 'multi:softmax';0.542502387774594
'min_child_weight': 2.0; 'n_estimators': 327.0; 'silent': 1; 'nthread': 6; 'gamma': 0.6000000000000001; 'max_depth': 12; 'eta': 0.45; 'subsample': 0.55; 'num_class': 5; 'colsample_bytree': 0.65; 'eval_metric': 'mlogloss'; 'objective': 'multi:softmax';0.542502387774594
'min_child_weight': 2.0; 'n_estimators': 102.0; 'silent': 1; 'nthread': 6; 'gamma': 0.55; 'max_depth': 4; 'eta': 0.47500000000000003; 'subsample': 0.55; 'num_class': 5; 'colsample_bytree': 0.5; 'eval_metric': 'mlogloss'; 'objective': 'multi:softmax';0.542502387774594
'min_child_weight': 2.0; 'n_estimators': 981.0; 'silent': 1; 'nthread': 6; 'gamma': 0.55; 'max_depth': 2; 'eta': 0.4; 'subsample': 0.8500000000000001; 'num_class': 5; 'colsample_bytree': 0.65; 'eval_metric': 'mlogloss'; 'objective': 'multi:softmax';0.5415472779369628
'min_child_weight': 2.0; 'n_estimators': 457.0; 'silent': 1; 'nthread': 6; 'gamma': 0.7000000000000001; 'max_depth': 10; 'eta': 0.17500000000000002; 'subsample': 0.6000000000000001; 'num_class': 5; 'colsample_bytree': 0.5; 'eval_metric': 'mlogloss'; 'objective': 'multi:softmax';0.5415472779369628
'min_child_weight': 3.0; 'n_estimators': 375.0; 'silent': 1; 'nthread': 6; 'gamma': 0.9; 'max_depth': 6; 'eta': 0.45; 'subsample': 0.6000000000000001; 'num_class': 5; 'colsample_bytree': 0.8; 'eval_metric': 'mlogloss'; 'objective': 'multi:softmax';0.5415472779369628
'min_child_weight': 2.0; 'n_estimators': 102.0; 'silent': 1; 'nthread': 6; 'gamma': 0.55; 'max_depth': 5; 'eta': 0.47500000000000003; 'subsample': 0.9; 'num_class': 5; 'colsample_bytree': 0.7000000000000001; 'eval_metric': 'mlogloss'; 'objective': 'multi:softmax';0.5415472779369628
'min_child_weight': 4.0; 'n_estimators': 245.0; 'silent': 1; 'nthread': 6; 'gamma': 0.9; 'max_depth': 7; 'eta': 0.35000000000000003; 'subsample': 0.55; 'num_class': 5; 'colsample_bytree': 0.65; 'eval_metric': 'mlogloss'; 'objective': 'multi:softmax';0.5415472779369628
'min_child_weight': 5.0; 'n_estimators': 137.0; 'silent': 1; 'nthread': 6; 'gamma': 0.8; 'max_depth': 9; 'eta': 0.5; 'subsample': 0.6000000000000001; 'num_class': 5; 'colsample_bytree': 0.8500000000000001; 'eval_metric': 'mlogloss'; 'objective': 'multi:softmax';0.5415472779369628
'min_child_weight': 3.0; 'n_estimators': 353.0; 'silent': 1; 'nthread': 6; 'gamma': 0.65; 'max_depth': 10; 'eta': 0.30000000000000004; 'subsample': 0.6000000000000001; 'num_class': 5; 'colsample_bytree': 0.9; 'eval_metric': 'mlogloss'; 'objective': 'multi:softmax';0.5415472779369628
'min_child_weight': 1.0; 'n_estimators': 495.0; 'silent': 1; 'nthread': 6; 'gamma': 0.6000000000000001; 'max_depth': 8; 'eta': 0.375; 'subsample': 0.5; 'num_class': 5; 'colsample_bytree': 0.8; 'eval_metric': 'mlogloss'; 'objective': 'multi:softmax';0.5405921680993314
'min_child_weight': 2.0; 'n_estimators': 339.0; 'silent': 1; 'nthread': 6; 'gamma': 0.9; 'max_depth': 8; 'eta': 0.4; 'subsample': 0.65; 'num_class': 5; 'colsample_bytree': 0.75; 'eval_metric': 'mlogloss'; 'objective': 'multi:softmax';0.5405921680993314
'min_child_weight': 2.0; 'n_estimators': 119.0; 'silent': 1; 'nthread': 6; 'gamma': 0.8; 'max_depth': 9; 'eta': 0.25; 'subsample': 0.5; 'num_class': 5; 'colsample_bytree': 0.55; 'eval_metric': 'mlogloss'; 'objective': 'multi:softmax';0.5405921680993314
'min_child_weight': 2.0; 'n_estimators': 270.0; 'silent': 1; 'nthread': 6; 'gamma': 0.8500000000000001; 'max_depth': 3; 'eta': 0.30000000000000004; 'subsample': 0.6000000000000001; 'num_class': 5; 'colsample_bytree': 0.65; 'eval_metric': 'mlogloss'; 'objective': 'multi:softmax';0.5405921680993314
'min_child_weight': 2.0; 'n_estimators': 303.0; 'silent': 1; 'nthread': 6; 'gamma': 0.6000000000000001; 'max_depth': 6; 'eta': 0.42500000000000004; 'subsample': 0.55; 'num_class': 5; 'colsample_bytree': 0.55; 'eval_metric': 'mlogloss'; 'objective': 'multi:softmax';0.5396370582617
'min_child_weight': 1.0; 'n_estimators': 412.0; 'silent': 1; 'nthread': 6; 'gamma': 0.8500000000000001; 'max_depth': 1; 'eta': 0.42500000000000004; 'subsample': 0.55; 'num_class': 5; 'colsample_bytree': 0.75; 'eval_metric': 'mlogloss'; 'objective': 'multi:softmax';0.5396370582617
'min_child_weight': 1.0; 'n_estimators': 303.0; 'silent': 1; 'nthread': 6; 'gamma': 0.9500000000000001; 'max_depth': 10; 'eta': 0.47500000000000003; 'subsample': 0.5; 'num_class': 5; 'colsample_bytree': 0.55; 'eval_metric': 'mlogloss'; 'objective': 'multi:softmax';0.5396370582617
'min_child_weight': 1.0; 'n_estimators': 549.0; 'silent': 1; 'nthread': 6; 'gamma': 0.7000000000000001; 'max_depth': 11; 'eta': 0.47500000000000003; 'subsample': 0.55; 'num_class': 5; 'colsample_bytree': 0.8; 'eval_metric': 'mlogloss'; 'objective': 'multi:softmax';0.5386819484240688
'min_child_weight': 1.0; 'n_estimators': 600.0; 'silent': 1; 'nthread': 6; 'gamma': 0.55; 'max_depth': 11; 'eta': 0.5; 'subsample': 0.8; 'num_class': 5; 'colsample_bytree': 0.8; 'eval_metric': 'mlogloss'; 'objective': 'multi:softmax';0.5386819484240688
'min_child_weight': 1.0; 'n_estimators': 139.0; 'silent': 1; 'nthread': 6; 'gamma': 0.65; 'max_depth': 11; 'eta': 0.47500000000000003; 'subsample': 0.9500000000000001; 'num_class': 5; 'colsample_bytree': 0.5; 'eval_metric': 'mlogloss'; 'objective': 'multi:softmax';0.5386819484240688
'min_child_weight': 1.0; 'n_estimators': 560.0; 'silent': 1; 'nthread': 6; 'gamma': 0.55; 'max_depth': 1; 'eta': 0.47500000000000003; 'subsample': 0.6000000000000001; 'num_class': 5; 'colsample_bytree': 0.65; 'eval_metric': 'mlogloss'; 'objective': 'multi:softmax';0.5386819484240688
'min_child_weight': 2.0; 'n_estimators': 363.0; 'silent': 1; 'nthread': 6; 'gamma': 0.9; 'max_depth': 6; 'eta': 0.4; 'subsample': 0.8; 'num_class': 5; 'colsample_bytree': 0.7000000000000001; 'eval_metric': 'mlogloss'; 'objective': 'multi:softmax';0.5386819484240688
'min_child_weight': 1.0; 'n_estimators': 467.0; 'silent': 1; 'nthread': 6; 'gamma': 0.75; 'max_depth': 13; 'eta': 0.42500000000000004; 'subsample': 0.55; 'num_class': 5; 'colsample_bytree': 0.8500000000000001; 'eval_metric': 'mlogloss'; 'objective': 'multi:softmax';0.5377268385864374
'min_child_weight': 1.0; 'n_estimators': 505.0; 'silent': 1; 'nthread': 6; 'gamma': 0.7000000000000001; 'max_depth': 5; 'eta': 0.25; 'subsample': 0.5; 'num_class': 5; 'colsample_bytree': 0.8; 'eval_metric': 'mlogloss'; 'objective': 'multi:softmax';0.5377268385864374
'min_child_weight': 1.0; 'n_estimators': 505.0; 'silent': 1; 'nthread': 6; 'gamma': 0.65; 'max_depth': 1; 'eta': 0.4; 'subsample': 0.5; 'num_class': 5; 'colsample_bytree': 0.8500000000000001; 'eval_metric': 'mlogloss'; 'objective': 'multi:softmax';0.5377268385864374
'min_child_weight': 2.0; 'n_estimators': 327.0; 'silent': 1; 'nthread': 6; 'gamma': 0.9500000000000001; 'max_depth': 7; 'eta': 0.5; 'subsample': 0.9500000000000001; 'num_class': 5; 'colsample_bytree': 0.5; 'eval_metric': 'mlogloss'; 'objective': 'multi:softmax';0.5377268385864374
'min_child_weight': 5.0; 'n_estimators': 617.0; 'silent': 1; 'nthread': 6; 'gamma': 0.7000000000000001; 'max_depth': 11; 'eta': 0.30000000000000004; 'subsample': 0.65; 'num_class': 5; 'colsample_bytree': 0.8500000000000001; 'eval_metric': 'mlogloss'; 'objective': 'multi:softmax';0.5377268385864374
'min_child_weight': 2.0; 'n_estimators': 186.0; 'silent': 1; 'nthread': 6; 'gamma': 0.75; 'max_depth': 12; 'eta': 0.35000000000000003; 'subsample': 0.55; 'num_class': 5; 'colsample_bytree': 0.7000000000000001; 'eval_metric': 'mlogloss'; 'objective': 'multi:softmax';0.5377268385864374
'min_child_weight': 4.0; 'n_estimators': 279.0; 'silent': 1; 'nthread': 6; 'gamma': 0.75; 'max_depth': 10; 'eta': 0.325; 'subsample': 0.5; 'num_class': 5; 'colsample_bytree': 0.9500000000000001; 'eval_metric': 'mlogloss'; 'objective': 'multi:softmax';0.5377268385864374
'min_child_weight': 6.0; 'n_estimators': 320.0; 'silent': 1; 'nthread': 6; 'gamma': 0.8; 'max_depth': 4; 'eta': 0.45; 'subsample': 0.75; 'num_class': 5; 'colsample_bytree': 0.9; 'eval_metric': 'mlogloss'; 'objective': 'multi:softmax';0.5377268385864374
'min_child_weight': 2.0; 'n_estimators': 177.0; 'silent': 1; 'nthread': 6; 'gamma': 0.8500000000000001; 'max_depth': 3; 'eta': 0.35000000000000003; 'subsample': 0.75; 'num_class': 5; 'colsample_bytree': 0.7000000000000001; 'eval_metric': 'mlogloss'; 'objective': 'multi:softmax';0.5367717287488061
'min_child_weight': 2.0; 'n_estimators': 590.0; 'silent': 1; 'nthread': 6; 'gamma': 0.5; 'max_depth': 12; 'eta': 0.5; 'subsample': 0.6000000000000001; 'num_class': 5; 'colsample_bytree': 0.65; 'eval_metric': 'mlogloss'; 'objective': 'multi:softmax';0.5367717287488061
'min_child_weight': 3.0; 'n_estimators': 317.0; 'silent': 1; 'nthread': 6; 'gamma': 0.8; 'max_depth': 10; 'eta': 0.375; 'subsample': 0.5; 'num_class': 5; 'colsample_bytree': 0.9; 'eval_metric': 'mlogloss'; 'objective': 'multi:softmax';0.5367717287488061
'min_child_weight': 4.0; 'n_estimators': 257.0; 'silent': 1; 'nthread': 6; 'gamma': 0.8500000000000001; 'max_depth': 1; 'eta': 0.42500000000000004; 'subsample': 0.5; 'num_class': 5; 'colsample_bytree': 0.75; 'eval_metric': 'mlogloss'; 'objective': 'multi:softmax';0.5367717287488061
'min_child_weight': 1.0; 'n_estimators': 679.0; 'silent': 1; 'nthread': 6; 'gamma': 0.65; 'max_depth': 3; 'eta': 0.45; 'subsample': 0.5; 'num_class': 5; 'colsample_bytree': 0.65; 'eval_metric': 'mlogloss'; 'objective': 'multi:softmax';0.5367717287488061
'min_child_weight': 1.0; 'n_estimators': 528.0; 'silent': 1; 'nthread': 6; 'gamma': 0.9; 'max_depth': 13; 'eta': 0.375; 'subsample': 0.75; 'num_class': 5; 'colsample_bytree': 0.75; 'eval_metric': 'mlogloss'; 'objective': 'multi:softmax';0.5367717287488061
'min_child_weight': 2.0; 'n_estimators': 586.0; 'silent': 1; 'nthread': 6; 'gamma': 0.55; 'max_depth': 4; 'eta': 0.45; 'subsample': 0.6000000000000001; 'num_class': 5; 'colsample_bytree': 0.7000000000000001; 'eval_metric': 'mlogloss'; 'objective': 'multi:softmax';0.5367717287488061
'min_child_weight': 1.0; 'n_estimators': 583.0; 'silent': 1; 'nthread': 6; 'gamma': 0.7000000000000001; 'max_depth': 11; 'eta': 0.5; 'subsample': 0.55; 'num_class': 5; 'colsample_bytree': 0.8; 'eval_metric': 'mlogloss'; 'objective': 'multi:softmax';0.5358166189111748
'min_child_weight': 2.0; 'n_estimators': 390.0; 'silent': 1; 'nthread': 6; 'gamma': 0.6000000000000001; 'max_depth': 4; 'eta': 0.5; 'subsample': 0.55; 'num_class': 5; 'colsample_bytree': 0.6000000000000001; 'eval_metric': 'mlogloss'; 'objective': 'multi:softmax';0.5358166189111748
'min_child_weight': 5.0; 'n_estimators': 294.0; 'silent': 1; 'nthread': 6; 'gamma': 0.65; 'max_depth': 5; 'eta': 0.47500000000000003; 'subsample': 0.8500000000000001; 'num_class': 5; 'colsample_bytree': 0.65; 'eval_metric': 'mlogloss'; 'objective': 'multi:softmax';0.5348615090735435
'min_child_weight': 5.0; 'n_estimators': 501.0; 'silent': 1; 'nthread': 6; 'gamma': 0.9; 'max_depth': 10; 'eta': 0.47500000000000003; 'subsample': 0.9; 'num_class': 5; 'colsample_bytree': 0.65; 'eval_metric': 'mlogloss'; 'objective': 'multi:softmax';0.5348615090735435
'min_child_weight': 1.0; 'n_estimators': 625.0; 'silent': 1; 'nthread': 6; 'gamma': 0.65; 'max_depth': 13; 'eta': 0.5; 'subsample': 0.55; 'num_class': 5; 'colsample_bytree': 0.7000000000000001; 'eval_metric': 'mlogloss'; 'objective': 'multi:softmax';0.5348615090735435
'min_child_weight': 2.0; 'n_estimators': 469.0; 'silent': 1; 'nthread': 6; 'gamma': 0.7000000000000001; 'max_depth': 12; 'eta': 0.375; 'subsample': 0.55; 'num_class': 5; 'colsample_bytree': 0.7000000000000001; 'eval_metric': 'mlogloss'; 'objective': 'multi:softmax';0.5348615090735435
'min_child_weight': 3.0; 'n_estimators': 202.0; 'silent': 1; 'nthread': 6; 'gamma': 0.75; 'max_depth': 11; 'eta': 0.47500000000000003; 'subsample': 0.6000000000000001; 'num_class': 5; 'colsample_bytree': 0.8500000000000001; 'eval_metric': 'mlogloss'; 'objective': 'multi:softmax';0.5348615090735435
'min_child_weight': 1.0; 'n_estimators': 637.0; 'silent': 1; 'nthread': 6; 'gamma': 0.6000000000000001; 'max_depth': 11; 'eta': 0.5; 'subsample': 1.0; 'num_class': 5; 'colsample_bytree': 0.65; 'eval_metric': 'mlogloss'; 'objective': 'multi:softmax';0.5339063992359121
'min_child_weight': 1.0; 'n_estimators': 400.0; 'silent': 1; 'nthread': 6; 'gamma': 0.5; 'max_depth': 11; 'eta': 0.45; 'subsample': 0.55; 'num_class': 5; 'colsample_bytree': 0.6000000000000001; 'eval_metric': 'mlogloss'; 'objective': 'multi:softmax';0.5339063992359121
'min_child_weight': 1.0; 'n_estimators': 746.0; 'silent': 1; 'nthread': 6; 'gamma': 0.65; 'max_depth': 1; 'eta': 0.30000000000000004; 'subsample': 0.55; 'num_class': 5; 'colsample_bytree': 0.7000000000000001; 'eval_metric': 'mlogloss'; 'objective': 'multi:softmax';0.5339063992359121
'min_child_weight': 1.0; 'n_estimators': 519.0; 'silent': 1; 'nthread': 6; 'gamma': 0.55; 'max_depth': 2; 'eta': 0.45; 'subsample': 0.55; 'num_class': 5; 'colsample_bytree': 0.65; 'eval_metric': 'mlogloss'; 'objective': 'multi:softmax';0.5339063992359121
'min_child_weight': 3.0; 'n_estimators': 495.0; 'silent': 1; 'nthread': 6; 'gamma': 1.0; 'max_depth': 4; 'eta': 0.4; 'subsample': 0.5; 'num_class': 5; 'colsample_bytree': 0.5; 'eval_metric': 'mlogloss'; 'objective': 'multi:softmax';0.5339063992359121
'min_child_weight': 5.0; 'n_estimators': 659.0; 'silent': 1; 'nthread': 6; 'gamma': 0.5; 'max_depth': 11; 'eta': 0.45; 'subsample': 0.6000000000000001; 'num_class': 5; 'colsample_bytree': 0.5; 'eval_metric': 'mlogloss'; 'objective': 'multi:softmax';0.5329512893982808
'min_child_weight': 1.0; 'n_estimators': 532.0; 'silent': 1; 'nthread': 6; 'gamma': 0.6000000000000001; 'max_depth': 11; 'eta': 0.4; 'subsample': 0.55; 'num_class': 5; 'colsample_bytree': 0.5; 'eval_metric': 'mlogloss'; 'objective': 'multi:softmax';0.5329512893982808
'min_child_weight': 1.0; 'n_estimators': 356.0; 'silent': 1; 'nthread': 6; 'gamma': 0.6000000000000001; 'max_depth': 11; 'eta': 0.47500000000000003; 'subsample': 0.5; 'num_class': 5; 'colsample_bytree': 0.65; 'eval_metric': 'mlogloss'; 'objective': 'multi:softmax';0.5329512893982808
'min_child_weight': 2.0; 'n_estimators': 418.0; 'silent': 1; 'nthread': 6; 'gamma': 0.8; 'max_depth': 12; 'eta': 0.42500000000000004; 'subsample': 0.6000000000000001; 'num_class': 5; 'colsample_bytree': 0.5; 'eval_metric': 'mlogloss'; 'objective': 'multi:softmax';0.5329512893982808
'min_child_weight': 1.0; 'n_estimators': 471.0; 'silent': 1; 'nthread': 6; 'gamma': 0.5; 'max_depth': 11; 'eta': 0.45; 'subsample': 0.5; 'num_class': 5; 'colsample_bytree': 0.6000000000000001; 'eval_metric': 'mlogloss'; 'objective': 'multi:softmax';0.5319961795606495
'min_child_weight': 2.0; 'n_estimators': 389.0; 'silent': 1; 'nthread': 6; 'gamma': 0.55; 'max_depth': 10; 'eta': 0.47500000000000003; 'subsample': 0.55; 'num_class': 5; 'colsample_bytree': 0.6000000000000001; 'eval_metric': 'mlogloss'; 'objective': 'multi:softmax';0.5319961795606495
'min_child_weight': 2.0; 'n_estimators': 410.0; 'silent': 1; 'nthread': 6; 'gamma': 0.5; 'max_depth': 7; 'eta': 0.42500000000000004; 'subsample': 0.5; 'num_class': 5; 'colsample_bytree': 0.5; 'eval_metric': 'mlogloss'; 'objective': 'multi:softmax';0.5319961795606495
'min_child_weight': 2.0; 'n_estimators': 242.0; 'silent': 1; 'nthread': 6; 'gamma': 0.9; 'max_depth': 9; 'eta': 0.5; 'subsample': 0.5; 'num_class': 5; 'colsample_bytree': 0.5; 'eval_metric': 'mlogloss'; 'objective': 'multi:softmax';0.5319961795606495
'min_child_weight': 1.0; 'n_estimators': 320.0; 'silent': 1; 'nthread': 6; 'gamma': 0.9; 'max_depth': 13; 'eta': 0.45; 'subsample': 0.65; 'num_class': 5; 'colsample_bytree': 0.55; 'eval_metric': 'mlogloss'; 'objective': 'multi:softmax';0.5319961795606495
'min_child_weight': 1.0; 'n_estimators': 348.0; 'silent': 1; 'nthread': 6; 'gamma': 0.6000000000000001; 'max_depth': 8; 'eta': 0.4; 'subsample': 0.5; 'num_class': 5; 'colsample_bytree': 0.65; 'eval_metric': 'mlogloss'; 'objective': 'multi:softmax';0.5310410697230181
'min_child_weight': 2.0; 'n_estimators': 490.0; 'silent': 1; 'nthread': 6; 'gamma': 0.5; 'max_depth': 4; 'eta': 0.42500000000000004; 'subsample': 0.6000000000000001; 'num_class': 5; 'colsample_bytree': 0.75; 'eval_metric': 'mlogloss'; 'objective': 'multi:softmax';0.5310410697230181
'min_child_weight': 5.0; 'n_estimators': 101.0; 'silent': 1; 'nthread': 6; 'gamma': 0.7000000000000001; 'max_depth': 9; 'eta': 0.47500000000000003; 'subsample': 0.65; 'num_class': 5; 'colsample_bytree': 0.8; 'eval_metric': 'mlogloss'; 'objective': 'multi:softmax';0.5310410697230181
'min_child_weight': 3.0; 'n_estimators': 413.0; 'silent': 1; 'nthread': 6; 'gamma': 0.9; 'max_depth': 10; 'eta': 0.42500000000000004; 'subsample': 0.65; 'num_class': 5; 'colsample_bytree': 0.8500000000000001; 'eval_metric': 'mlogloss'; 'objective': 'multi:softmax';0.5310410697230181
'min_child_weight': 2.0; 'n_estimators': 236.0; 'silent': 1; 'nthread': 6; 'gamma': 0.75; 'max_depth': 11; 'eta': 0.42500000000000004; 'subsample': 0.8; 'num_class': 5; 'colsample_bytree': 0.65; 'eval_metric': 'mlogloss'; 'objective': 'multi:softmax';0.5300859598853869
'min_child_weight': 1.0; 'n_estimators': 439.0; 'silent': 1; 'nthread': 6; 'gamma': 0.55; 'max_depth': 11; 'eta': 0.47500000000000003; 'subsample': 0.5; 'num_class': 5; 'colsample_bytree': 0.55; 'eval_metric': 'mlogloss'; 'objective': 'multi:softmax';0.5300859598853869
'min_child_weight': 2.0; 'n_estimators': 357.0; 'silent': 1; 'nthread': 6; 'gamma': 0.65; 'max_depth': 7; 'eta': 0.45; 'subsample': 0.55; 'num_class': 5; 'colsample_bytree': 0.75; 'eval_metric': 'mlogloss'; 'objective': 'multi:softmax';0.5300859598853869
'min_child_weight': 1.0; 'n_estimators': 117.0; 'silent': 1; 'nthread': 6; 'gamma': 0.8500000000000001; 'max_depth': 7; 'eta': 0.5; 'subsample': 0.55; 'num_class': 5; 'colsample_bytree': 0.8; 'eval_metric': 'mlogloss'; 'objective': 'multi:softmax';0.5300859598853869
'min_child_weight': 1.0; 'n_estimators': 437.0; 'silent': 1; 'nthread': 6; 'gamma': 0.6000000000000001; 'max_depth': 9; 'eta': 0.5; 'subsample': 0.5; 'num_class': 5; 'colsample_bytree': 0.55; 'eval_metric': 'mlogloss'; 'objective': 'multi:softmax';0.5300859598853869
'min_child_weight': 2.0; 'n_estimators': 230.0; 'silent': 1; 'nthread': 6; 'gamma': 0.9; 'max_depth': 9; 'eta': 0.47500000000000003; 'subsample': 0.55; 'num_class': 5; 'colsample_bytree': 0.55; 'eval_metric': 'mlogloss'; 'objective': 'multi:softmax';0.5300859598853869
'min_child_weight': 1.0; 'n_estimators': 290.0; 'silent': 1; 'nthread': 6; 'gamma': 0.9500000000000001; 'max_depth': 8; 'eta': 0.42500000000000004; 'subsample': 0.55; 'num_class': 5; 'colsample_bytree': 0.6000000000000001; 'eval_metric': 'mlogloss'; 'objective': 'multi:softmax';0.5300859598853869
'min_child_weight': 1.0; 'n_estimators': 293.0; 'silent': 1; 'nthread': 6; 'gamma': 0.8500000000000001; 'max_depth': 10; 'eta': 0.45; 'subsample': 0.55; 'num_class': 5; 'colsample_bytree': 0.8; 'eval_metric': 'mlogloss'; 'objective': 'multi:softmax';0.5300859598853869
'min_child_weight': 1.0; 'n_estimators': 448.0; 'silent': 1; 'nthread': 6; 'gamma': 0.6000000000000001; 'max_depth': 12; 'eta': 0.5; 'subsample': 0.55; 'num_class': 5; 'colsample_bytree': 0.55; 'eval_metric': 'mlogloss'; 'objective': 'multi:softmax';0.5291308500477555
'min_child_weight': 1.0; 'n_estimators': 427.0; 'silent': 1; 'nthread': 6; 'gamma': 0.55; 'max_depth': 11; 'eta': 0.5; 'subsample': 0.5; 'num_class': 5; 'colsample_bytree': 0.6000000000000001; 'eval_metric': 'mlogloss'; 'objective': 'multi:softmax';0.5291308500477555
'min_child_weight': 3.0; 'n_estimators': 101.0; 'silent': 1; 'nthread': 6; 'gamma': 0.65; 'max_depth': 9; 'eta': 0.35000000000000003; 'subsample': 0.7000000000000001; 'num_class': 5; 'colsample_bytree': 0.75; 'eval_metric': 'mlogloss'; 'objective': 'multi:softmax';0.5281757402101241
'min_child_weight': 4.0; 'n_estimators': 435.0; 'silent': 1; 'nthread': 6; 'gamma': 0.8500000000000001; 'max_depth': 11; 'eta': 0.375; 'subsample': 0.55; 'num_class': 5; 'colsample_bytree': 0.9; 'eval_metric': 'mlogloss'; 'objective': 'multi:softmax';0.5281757402101241
'min_child_weight': 1.0; 'n_estimators': 451.0; 'silent': 1; 'nthread': 6; 'gamma': 0.8500000000000001; 'max_depth': 3; 'eta': 0.4; 'subsample': 0.6000000000000001; 'num_class': 5; 'colsample_bytree': 0.9; 'eval_metric': 'mlogloss'; 'objective': 'multi:softmax';0.5281757402101241
'min_child_weight': 3.0; 'n_estimators': 384.0; 'silent': 1; 'nthread': 6; 'gamma': 0.9500000000000001; 'max_depth': 10; 'eta': 0.375; 'subsample': 0.5; 'num_class': 5; 'colsample_bytree': 0.9500000000000001; 'eval_metric': 'mlogloss'; 'objective': 'multi:softmax';0.5281757402101241
'min_child_weight': 1.0; 'n_estimators': 465.0; 'silent': 1; 'nthread': 6; 'gamma': 0.6000000000000001; 'max_depth': 4; 'eta': 0.47500000000000003; 'subsample': 0.5; 'num_class': 5; 'colsample_bytree': 0.55; 'eval_metric': 'mlogloss'; 'objective': 'multi:softmax';0.5272206303724928
'min_child_weight': 1.0; 'n_estimators': 713.0; 'silent': 1; 'nthread': 6; 'gamma': 0.55; 'max_depth': 2; 'eta': 0.45; 'subsample': 0.65; 'num_class': 5; 'colsample_bytree': 0.55; 'eval_metric': 'mlogloss'; 'objective': 'multi:softmax';0.5272206303724928
'min_child_weight': 3.0; 'n_estimators': 224.0; 'silent': 1; 'nthread': 6; 'gamma': 0.7000000000000001; 'max_depth': 13; 'eta': 0.5; 'subsample': 0.65; 'num_class': 5; 'colsample_bytree': 0.8500000000000001; 'eval_metric': 'mlogloss'; 'objective': 'multi:softmax';0.5272206303724928
'min_child_weight': 5.0; 'n_estimators': 253.0; 'silent': 1; 'nthread': 6; 'gamma': 0.8; 'max_depth': 11; 'eta': 0.45; 'subsample': 0.7000000000000001; 'num_class': 5; 'colsample_bytree': 0.5; 'eval_metric': 'mlogloss'; 'objective': 'multi:softmax';0.5272206303724928
'min_child_weight': 1.0; 'n_estimators': 360.0; 'silent': 1; 'nthread': 6; 'gamma': 0.5; 'max_depth': 4; 'eta': 0.45; 'subsample': 0.65; 'num_class': 5; 'colsample_bytree': 0.65; 'eval_metric': 'mlogloss'; 'objective': 'multi:softmax';0.5262655205348615
'min_child_weight': 2.0; 'n_estimators': 303.0; 'silent': 1; 'nthread': 6; 'gamma': 0.65; 'max_depth': 7; 'eta': 0.47500000000000003; 'subsample': 0.5; 'num_class': 5; 'colsample_bytree': 0.65; 'eval_metric': 'mlogloss'; 'objective': 'multi:softmax';0.5262655205348615
'min_child_weight': 3.0; 'n_estimators': 686.0; 'silent': 1; 'nthread': 6; 'gamma': 0.75; 'max_depth': 11; 'eta': 0.42500000000000004; 'subsample': 0.5; 'num_class': 5; 'colsample_bytree': 0.9500000000000001; 'eval_metric': 'mlogloss'; 'objective': 'multi:softmax';0.5262655205348615
'min_child_weight': 1.0; 'n_estimators': 325.0; 'silent': 1; 'nthread': 6; 'gamma': 0.65; 'max_depth': 11; 'eta': 0.42500000000000004; 'subsample': 1.0; 'num_class': 5; 'colsample_bytree': 0.65; 'eval_metric': 'mlogloss'; 'objective': 'multi:softmax';0.5253104106972302
'min_child_weight': 3.0; 'n_estimators': 185.0; 'silent': 1; 'nthread': 6; 'gamma': 0.75; 'max_depth': 9; 'eta': 0.375; 'subsample': 0.8; 'num_class': 5; 'colsample_bytree': 0.75; 'eval_metric': 'mlogloss'; 'objective': 'multi:softmax';0.5253104106972302
'min_child_weight': 1.0; 'n_estimators': 419.0; 'silent': 1; 'nthread': 6; 'gamma': 0.55; 'max_depth': 11; 'eta': 0.42500000000000004; 'subsample': 0.55; 'num_class': 5; 'colsample_bytree': 0.6000000000000001; 'eval_metric': 'mlogloss'; 'objective': 'multi:softmax';0.5253104106972302
'min_child_weight': 1.0; 'n_estimators': 551.0; 'silent': 1; 'nthread': 6; 'gamma': 0.9; 'max_depth': 2; 'eta': 0.5; 'subsample': 0.55; 'num_class': 5; 'colsample_bytree': 0.8; 'eval_metric': 'mlogloss'; 'objective': 'multi:softmax';0.5253104106972302
'min_child_weight': 6.0; 'n_estimators': 217.0; 'silent': 1; 'nthread': 6; 'gamma': 0.7000000000000001; 'max_depth': 9; 'eta': 0.5; 'subsample': 0.55; 'num_class': 5; 'colsample_bytree': 0.8500000000000001; 'eval_metric': 'mlogloss'; 'objective': 'multi:softmax';0.5253104106972302
'min_child_weight': 5.0; 'n_estimators': 308.0; 'silent': 1; 'nthread': 6; 'gamma': 0.75; 'max_depth': 3; 'eta': 0.375; 'subsample': 0.5; 'num_class': 5; 'colsample_bytree': 0.8500000000000001; 'eval_metric': 'mlogloss'; 'objective': 'multi:softmax';0.5253104106972302
'min_child_weight': 1.0; 'n_estimators': 375.0; 'silent': 1; 'nthread': 6; 'gamma': 0.5; 'max_depth': 11; 'eta': 0.47500000000000003; 'subsample': 0.55; 'num_class': 5; 'colsample_bytree': 0.55; 'eval_metric': 'mlogloss'; 'objective': 'multi:softmax';0.5243553008595988
'min_child_weight': 1.0; 'n_estimators': 214.0; 'silent': 1; 'nthread': 6; 'gamma': 0.8500000000000001; 'max_depth': 9; 'eta': 0.5; 'subsample': 0.5; 'num_class': 5; 'colsample_bytree': 0.65; 'eval_metric': 'mlogloss'; 'objective': 'multi:softmax';0.5243553008595988
'min_child_weight': 3.0; 'n_estimators': 526.0; 'silent': 1; 'nthread': 6; 'gamma': 0.7000000000000001; 'max_depth': 9; 'eta': 0.45; 'subsample': 0.6000000000000001; 'num_class': 5; 'colsample_bytree': 0.65; 'eval_metric': 'mlogloss'; 'objective': 'multi:softmax';0.5243553008595988
'min_child_weight': 2.0; 'n_estimators': 828.0; 'silent': 1; 'nthread': 6; 'gamma': 0.65; 'max_depth': 9; 'eta': 0.5; 'subsample': 0.5; 'num_class': 5; 'colsample_bytree': 0.55; 'eval_metric': 'mlogloss'; 'objective': 'multi:softmax';0.5243553008595988
'min_child_weight': 1.0; 'n_estimators': 537.0; 'silent': 1; 'nthread': 6; 'gamma': 0.55; 'max_depth': 11; 'eta': 0.42500000000000004; 'subsample': 0.5; 'num_class': 5; 'colsample_bytree': 0.6000000000000001; 'eval_metric': 'mlogloss'; 'objective': 'multi:softmax';0.5234001910219676
'min_child_weight': 2.0; 'n_estimators': 186.0; 'silent': 1; 'nthread': 6; 'gamma': 0.8500000000000001; 'max_depth': 10; 'eta': 0.47500000000000003; 'subsample': 0.5; 'num_class': 5; 'colsample_bytree': 0.6000000000000001; 'eval_metric': 'mlogloss'; 'objective': 'multi:softmax';0.5234001910219676
'min_child_weight': 4.0; 'n_estimators': 252.0; 'silent': 1; 'nthread': 6; 'gamma': 0.7000000000000001; 'max_depth': 12; 'eta': 0.47500000000000003; 'subsample': 0.55; 'num_class': 5; 'colsample_bytree': 0.8; 'eval_metric': 'mlogloss'; 'objective': 'multi:softmax';0.5234001910219676
'min_child_weight': 2.0; 'n_estimators': 552.0; 'silent': 1; 'nthread': 6; 'gamma': 0.7000000000000001; 'max_depth': 4; 'eta': 0.42500000000000004; 'subsample': 0.6000000000000001; 'num_class': 5; 'colsample_bytree': 0.8500000000000001; 'eval_metric': 'mlogloss'; 'objective': 'multi:softmax';0.5224450811843362
'min_child_weight': 3.0; 'n_estimators': 222.0; 'silent': 1; 'nthread': 6; 'gamma': 0.9500000000000001; 'max_depth': 10; 'eta': 0.35000000000000003; 'subsample': 0.5; 'num_class': 5; 'colsample_bytree': 0.8; 'eval_metric': 'mlogloss'; 'objective': 'multi:softmax';0.5214899713467048
'min_child_weight': 1.0; 'n_estimators': 562.0; 'silent': 1; 'nthread': 6; 'gamma': 0.6000000000000001; 'max_depth': 13; 'eta': 0.5; 'subsample': 0.5; 'num_class': 5; 'colsample_bytree': 0.7000000000000001; 'eval_metric': 'mlogloss'; 'objective': 'multi:softmax';0.5214899713467048
'min_child_weight': 2.0; 'n_estimators': 489.0; 'silent': 1; 'nthread': 6; 'gamma': 0.75; 'max_depth': 12; 'eta': 0.5; 'subsample': 0.55; 'num_class': 5; 'colsample_bytree': 0.65; 'eval_metric': 'mlogloss'; 'objective': 'multi:softmax';0.5205348615090736
'min_child_weight': 1.0; 'n_estimators': 457.0; 'silent': 1; 'nthread': 6; 'gamma': 0.65; 'max_depth': 11; 'eta': 0.5; 'subsample': 0.55; 'num_class': 5; 'colsample_bytree': 0.7000000000000001; 'eval_metric': 'mlogloss'; 'objective': 'multi:softmax';0.5205348615090736
'min_child_weight': 1.0; 'n_estimators': 540.0; 'silent': 1; 'nthread': 6; 'gamma': 0.65; 'max_depth': 10; 'eta': 0.47500000000000003; 'subsample': 0.55; 'num_class': 5; 'colsample_bytree': 0.6000000000000001; 'eval_metric': 'mlogloss'; 'objective': 'multi:softmax';0.5205348615090736
'min_child_weight': 2.0; 'n_estimators': 203.0; 'silent': 1; 'nthread': 6; 'gamma': 1.0; 'max_depth': 9; 'eta': 0.42500000000000004; 'subsample': 0.5; 'num_class': 5; 'colsample_bytree': 0.55; 'eval_metric': 'mlogloss'; 'objective': 'multi:softmax';0.5205348615090736
'min_child_weight': 1.0; 'n_estimators': 996.0; 'silent': 1; 'nthread': 6; 'gamma': 0.75; 'max_depth': 3; 'eta': 0.5; 'subsample': 0.5; 'num_class': 5; 'colsample_bytree': 0.6000000000000001; 'eval_metric': 'mlogloss'; 'objective': 'multi:softmax';0.5205348615090736
'min_child_weight': 5.0; 'n_estimators': 161.0; 'silent': 1; 'nthread': 6; 'gamma': 0.65; 'max_depth': 9; 'eta': 0.5; 'subsample': 0.55; 'num_class': 5; 'colsample_bytree': 0.9; 'eval_metric': 'mlogloss'; 'objective': 'multi:softmax';0.5205348615090736
'min_child_weight': 5.0; 'n_estimators': 515.0; 'silent': 1; 'nthread': 6; 'gamma': 0.7000000000000001; 'max_depth': 9; 'eta': 0.375; 'subsample': 0.9; 'num_class': 5; 'colsample_bytree': 0.7000000000000001; 'eval_metric': 'mlogloss'; 'objective': 'multi:softmax';0.5195797516714422
'min_child_weight': 1.0; 'n_estimators': 338.0; 'silent': 1; 'nthread': 6; 'gamma': 0.65; 'max_depth': 4; 'eta': 0.47500000000000003; 'subsample': 0.5; 'num_class': 5; 'colsample_bytree': 0.55; 'eval_metric': 'mlogloss'; 'objective': 'multi:softmax';0.5195797516714422
'min_child_weight': 2.0; 'n_estimators': 362.0; 'silent': 1; 'nthread': 6; 'gamma': 0.9; 'max_depth': 12; 'eta': 0.47500000000000003; 'subsample': 0.55; 'num_class': 5; 'colsample_bytree': 0.65; 'eval_metric': 'mlogloss'; 'objective': 'multi:softmax';0.5195797516714422
'min_child_weight': 6.0; 'n_estimators': 147.0; 'silent': 1; 'nthread': 6; 'gamma': 0.75; 'max_depth': 9; 'eta': 0.42500000000000004; 'subsample': 0.5; 'num_class': 5; 'colsample_bytree': 0.9; 'eval_metric': 'mlogloss'; 'objective': 'multi:softmax';0.5195797516714422
'min_child_weight': 1.0; 'n_estimators': 377.0; 'silent': 1; 'nthread': 6; 'gamma': 0.5; 'max_depth': 13; 'eta': 0.45; 'subsample': 0.5; 'num_class': 5; 'colsample_bytree': 0.8500000000000001; 'eval_metric': 'mlogloss'; 'objective': 'multi:softmax';0.5186246418338109
'min_child_weight': 1.0; 'n_estimators': 575.0; 'silent': 1; 'nthread': 6; 'gamma': 1.0; 'max_depth': 10; 'eta': 0.47500000000000003; 'subsample': 0.6000000000000001; 'num_class': 5; 'colsample_bytree': 0.7000000000000001; 'eval_metric': 'mlogloss'; 'objective': 'multi:softmax';0.5186246418338109
'min_child_weight': 2.0; 'n_estimators': 604.0; 'silent': 1; 'nthread': 6; 'gamma': 0.9500000000000001; 'max_depth': 2; 'eta': 0.5; 'subsample': 0.55; 'num_class': 5; 'colsample_bytree': 0.75; 'eval_metric': 'mlogloss'; 'objective': 'multi:softmax';0.5186246418338109
'min_child_weight': 3.0; 'n_estimators': 195.0; 'silent': 1; 'nthread': 6; 'gamma': 0.8; 'max_depth': 10; 'eta': 0.45; 'subsample': 0.7000000000000001; 'num_class': 5; 'colsample_bytree': 0.75; 'eval_metric': 'mlogloss'; 'objective': 'multi:softmax';0.5176695319961796
'min_child_weight': 4.0; 'n_estimators': 512.0; 'silent': 1; 'nthread': 6; 'gamma': 0.65; 'max_depth': 8; 'eta': 0.5; 'subsample': 0.5; 'num_class': 5; 'colsample_bytree': 0.75; 'eval_metric': 'mlogloss'; 'objective': 'multi:softmax';0.5176695319961796
'min_child_weight': 1.0; 'n_estimators': 504.0; 'silent': 1; 'nthread': 6; 'gamma': 0.6000000000000001; 'max_depth': 5; 'eta': 0.4; 'subsample': 0.5; 'num_class': 5; 'colsample_bytree': 0.6000000000000001; 'eval_metric': 'mlogloss'; 'objective': 'multi:softmax';0.5167144221585482
'min_child_weight': 5.0; 'n_estimators': 231.0; 'silent': 1; 'nthread': 6; 'gamma': 0.65; 'max_depth': 9; 'eta': 0.45; 'subsample': 0.55; 'num_class': 5; 'colsample_bytree': 0.8500000000000001; 'eval_metric': 'mlogloss'; 'objective': 'multi:softmax';0.5157593123209169
'min_child_weight': 6.0; 'n_estimators': 199.0; 'silent': 1; 'nthread': 6; 'gamma': 0.75; 'max_depth': 9; 'eta': 0.4; 'subsample': 0.5; 'num_class': 5; 'colsample_bytree': 0.8; 'eval_metric': 'mlogloss'; 'objective': 'multi:softmax';0.5157593123209169
'min_child_weight': 2.0; 'n_estimators': 591.0; 'silent': 1; 'nthread': 6; 'gamma': 0.55; 'max_depth': 4; 'eta': 0.5; 'subsample': 0.5; 'num_class': 5; 'colsample_bytree': 0.65; 'eval_metric': 'mlogloss'; 'objective': 'multi:softmax';0.5148042024832856
'min_child_weight': 1.0; 'n_estimators': 333.0; 'silent': 1; 'nthread': 6; 'gamma': 0.6000000000000001; 'max_depth': 2; 'eta': 0.42500000000000004; 'subsample': 0.6000000000000001; 'num_class': 5; 'colsample_bytree': 0.55; 'eval_metric': 'mlogloss'; 'objective': 'multi:softmax';0.5148042024832856
'min_child_weight': 1.0; 'n_estimators': 388.0; 'silent': 1; 'nthread': 6; 'gamma': 1.0; 'max_depth': 8; 'eta': 0.47500000000000003; 'subsample': 0.55; 'num_class': 5; 'colsample_bytree': 0.6000000000000001; 'eval_metric': 'mlogloss'; 'objective': 'multi:softmax';0.5128939828080229
'min_child_weight': 1.0; 'n_estimators': 415.0; 'silent': 1; 'nthread': 6; 'gamma': 0.55; 'max_depth': 11; 'eta': 0.47500000000000003; 'subsample': 0.5; 'num_class': 5; 'colsample_bytree': 0.6000000000000001; 'eval_metric': 'mlogloss'; 'objective': 'multi:softmax';0.5119388729703916
'min_child_weight': 1.0; 'n_estimators': 465.0; 'silent': 1; 'nthread': 6; 'gamma': 0.6000000000000001; 'max_depth': 4; 'eta': 0.5; 'subsample': 0.5; 'num_class': 5; 'colsample_bytree': 0.7000000000000001; 'eval_metric': 'mlogloss'; 'objective': 'multi:softmax';0.5109837631327603
'min_child_weight': 1.0; 'n_estimators': 427.0; 'silent': 1; 'nthread': 6; 'gamma': 0.55; 'max_depth': 11; 'eta': 0.47500000000000003; 'subsample': 0.5; 'num_class': 5; 'colsample_bytree': 0.6000000000000001; 'eval_metric': 'mlogloss'; 'objective': 'multi:softmax';0.5100286532951289
'min_child_weight': 1.0; 'n_estimators': 178.0; 'silent': 1; 'nthread': 6; 'gamma': 0.8500000000000001; 'max_depth': 9; 'eta': 0.5; 'subsample': 0.5; 'num_class': 5; 'colsample_bytree': 0.55; 'eval_metric': 'mlogloss'; 'objective': 'multi:softmax';0.5090735434574976
'min_child_weight': 6.0; 'n_estimators': 214.0; 'silent': 1; 'nthread': 6; 'gamma': 0.7000000000000001; 'max_depth': 9; 'eta': 0.47500000000000003; 'subsample': 0.5; 'num_class': 5; 'colsample_bytree': 0.8; 'eval_metric': 'mlogloss'; 'objective': 'multi:softmax';0.5090735434574976
'min_child_weight': 1.0; 'n_estimators': 453.0; 'silent': 1; 'nthread': 6; 'gamma': 0.6000000000000001; 'max_depth': 4; 'eta': 0.5; 'subsample': 0.5; 'num_class': 5; 'colsample_bytree': 0.65; 'eval_metric': 'mlogloss'; 'objective': 'multi:softmax';0.5081184336198663
'min_child_weight': 3.0; 'n_estimators': 348.0; 'silent': 1; 'nthread': 6; 'gamma': 0.7000000000000001; 'max_depth': 10; 'eta': 0.42500000000000004; 'subsample': 0.5; 'num_class': 5; 'colsample_bytree': 0.8500000000000001; 'eval_metric': 'mlogloss'; 'objective': 'multi:softmax';0.5081184336198663
'min_child_weight': 2.0; 'n_estimators': 326.0; 'silent': 1; 'nthread': 6; 'gamma': 0.8; 'max_depth': 10; 'eta': 0.45; 'subsample': 0.5; 'num_class': 5; 'colsample_bytree': 0.8; 'eval_metric': 'mlogloss'; 'objective': 'multi:softmax';0.5071633237822349
'colsample_bytree': 0.8; 'min_child_weight': 2.0; 'n_estimators': 326.0; 'gamma': 0.8; 'max_depth': 9; 'eta': 0.45; 'subsample': 0.5;;;;;;
